x,y,class
28.27435895968154,381.50124513573803,Class 1
49.392625279071126,220.35467759410386,Class 1
48.25068771122793,155.66178906683854,Class 1
8.21281253200098,45.52771735784216,Class 1
29.82293651877778,368.0022528705333,Class 1
39.232342114150164,428.25564436714967,Class 1
21.542735033177017,506.6324789460167,Class 1
22.41791590912009,727.9186417839195,Class 1
27.998310029425905,62.38034379243436,Class 1
37.91987160163499,475.04358954949424,Class 1
31.371558327696846,403.88767801766335,Class 1
43.973890413973685,52.48081389563603,Class 1
35.7310082648246,420.3998982757011,Class 1
0.10750567033508407,253.02002774377223,Class 1
8.277876399193469,376.2336287145124,Class 1
27.605907030826092,342.6372594313122,Class 1
46.68687099248974,153.79852087900474,Class 1
48.94588032027872,546.7891695491795,Class 1
2.260787519733803,471.1604502632975,Class 1
40.58830215726269,402.66396826875035,Class 1
5.356400452746795,577.67832130636,Class 1
44.02559354899803,498.4994744275467,Class 1
12.78325146818423,147.95218356752605,Class 1
18.483576179450555,62.4281980375236,Class 1
7.68999834073516,733.3371967137635,Class 1
8.887120703306838,218.39883257677224,Class 1
2.5914505862533854,54.71112926987143,Class 1
45.995540497639766,439.8034766056526,Class 1
11.997060864848708,718.2521345355252,Class 1
21.062240016425232,605.0270677249067,Class 1
45.076278242723575,5.420348559449195,Class 1
19.222848401631275,275.5454761980043,Class 1
26.95057510342726,726.6839669396776,Class 1
15.879505641919778,43.83076921114109,Class 1
39.21092786283366,465.6422088670551,Class 1
20.851083023774276,432.2550625088337,Class 1
36.85038675794253,176.1638124445584,Class 1
10.862967114625082,206.5055202736688,Class 1
11.824969874976071,715.8156968920758,Class 1
27.83510806629507,409.3148643368792,Class 1
24.35383818682745,598.7299680735223,Class 1
31.987422182745327,687.1729267719281,Class 1
2.4767988384212125,221.5858450699037,Class 1
3.8135522414765033,351.96229624554707,Class 1
11.569120281026034,664.250168604275,Class 1
34.88063398034702,424.16457883693226,Class 1
6.063750406736196,395.04701997543395,Class 1
49.412337819948455,769.0222043485767,Class 1
9.612644851234553,774.8115409323246,Class 1
9.139002577478061,723.6443030959335,Class 1
19.120426625528513,171.2890260974823,Class 1
31.928563926196745,718.1938534050923,Class 1
23.07183158363278,167.2546514724206,Class 1
28.641233209732746,236.01323450518993,Class 1
28.58033544843948,542.4114999795819,Class 1
34.42970339716439,58.93646399460613,Class 1
27.435908776533363,72.83395327849718,Class 1
45.717377419659485,721.0097917911323,Class 1
9.830740710525966,327.3936982476565,Class 1
38.375837994729864,714.1920296976173,Class 1
17.51192763570858,302.8391159917354,Class 1
38.93460211590896,64.26500410304277,Class 1
36.24714468754462,324.20393723727017,Class 1
49.630932458740304,277.39393538722777,Class 1
43.99004729716561,626.406736088121,Class 1
45.98124237213616,682.1070666910045,Class 1
8.535925630832336,259.6911892199156,Class 1
38.76302622169296,346.01595605443976,Class 1
3.4703340327788155,747.7571914976094,Class 1
8.272339414901053,49.87581468845779,Class 1
36.37949022088749,57.88555584710515,Class 1
11.155683329310428,736.5337811148618,Class 1
36.38449149495456,440.90797164315074,Class 1
17.545854117781346,716.1246647256436,Class 1
29.063340888606415,282.98826217733335,Class 1
25.35544874285699,113.19687113014085,Class 1
22.858872616191128,684.6725244287899,Class 1
3.836033635548514,138.15807516108399,Class 1
23.934401396620114,266.9015947735242,Class 1
29.601024821627547,172.97325100629087,Class 1
6.393148241884883,265.886425759384,Class 1
31.94999369623222,424.49349160632914,Class 1
5.83406099994953,591.6739332224795,Class 1
12.802972710521864,798.474424780838,Class 1
12.109355097515195,705.4098621450996,Class 1
22.35458148822375,247.5935503646241,Class 1
32.659109897720775,160.8098656367857,Class 1
14.028679164311303,694.6579985410965,Class 1
4.688688216380204,86.46226221128597,Class 1
4.2358885558394235,97.49421501534545,Class 1
23.233747075800498,33.312358353845184,Class 1
48.77447467614034,17.46272212030755,Class 1
42.32447405505574,250.35710111745314,Class 1
3.716662460680731,7.227379790958821,Class 1
39.63181207204761,89.99817043265725,Class 1
21.09541370423502,661.8311682130982,Class 1
2.4050683702655338,721.3990800176618,Class 1
7.6735973790889425,313.207173008066,Class 1
49.57065755940331,516.9876989759626,Class 1
34.30740694440933,317.87565642401046,Class 1
27.54580225778296,47.92193119574284,Class 1
9.81443033830159,646.9970233002277,Class 1
12.98173115094251,626.7818757759087,Class 1
27.177009263684255,51.594938639850966,Class 1
10.912073183027388,579.7516270633039,Class 1
2.5017588850660077,101.33699382574228,Class 1
46.06849211924145,387.41848315766833,Class 1
47.66793661131023,148.10814932344866,Class 1
5.703365625522921,702.2309046346448,Class 1
29.66742845953993,552.7996034888628,Class 1
29.45423597919983,187.05252553090546,Class 1
40.8289066962028,484.688271956224,Class 1
8.776421446313448,618.8945555516385,Class 1
34.158663385305914,223.71278633208362,Class 1
46.518238750487164,407.83306946869703,Class 1
48.72496309360553,277.15692280367057,Class 1
21.998908705616767,253.20328189817792,Class 1
23.07813442246064,665.110692097609,Class 1
23.464290881780858,303.224126331681,Class 1
3.4959219289790955,359.0845633269729,Class 1
47.91367563358776,276.12355234655166,Class 1
11.012068234465227,113.93602017197715,Class 1
42.23741729198647,191.1932636910205,Class 1
48.984365796195306,68.11397970953968,Class 1
14.504879777830071,596.231079554553,Class 1
9.568753510977007,444.3066125201949,Class 1
4.579083414524887,193.45909585793794,Class 1
48.674736317356384,103.3581978665441,Class 1
47.54558937398219,216.72806163224382,Class 1
48.50982913409078,779.213714537831,Class 1
0.3409573788180298,666.4997237951873,Class 1
7.967302567566314,430.56885730102834,Class 1
31.735830923409175,552.1683009813383,Class 1
36.888495771065585,461.18578031381173,Class 1
17.21325663395393,103.81448417532849,Class 1
40.50664959441506,626.5928415314663,Class 1
41.25905923744337,15.560700262650684,Class 1
14.210835359432034,603.6067984958405,Class 1
21.499427115250818,253.04449864175558,Class 1
30.958771074622042,98.82439135018046,Class 1
41.24738600110367,388.66424060342587,Class 1
15.694323386930492,33.78017748800968,Class 1
4.903833121339879,142.33274191811836,Class 1
27.51559079940092,255.334540448609,Class 1
36.590031780146845,559.7142034741257,Class 1
49.462616978138904,258.8673789275657,Class 1
36.425949874247415,40.7576549695948,Class 1
45.64702449753881,361.50423885538993,Class 1
19.812998170338613,509.0550112617752,Class 1
47.94052247795481,754.0362896964508,Class 1
38.16974013286523,437.83599282798946,Class 1
28.800595279379877,457.75272800056695,Class 1
7.388535775525024,797.4453178456638,Class 1
14.21068155413075,277.3996152977078,Class 1
38.06954814943002,168.1185131743857,Class 1
15.779504028743501,96.81270690618717,Class 1
6.630119885637709,40.35161744028022,Class 1
11.941167190031338,689.376440427967,Class 1
21.417981355091666,193.0523783138584,Class 1
8.260543937228448,392.56072880061026,Class 1
42.12151352481762,229.3538178001155,Class 1
1.316132272842635,579.0811471587283,Class 1
27.486656125118504,0.7949623040499176,Class 1
40.96454897250542,329.62181886447144,Class 1
17.63468139577549,161.41230317380408,Class 1
18.23258212370819,430.38269897105295,Class 1
43.277060591501346,239.2406722350648,Class 1
24.370998265482108,680.6867842231663,Class 1
29.4315569440019,307.35691990251536,Class 1
18.32278589926236,405.46455358584535,Class 1
15.552778958969537,759.7210286586698,Class 1
7.0600488802704415,167.68138086675054,Class 1
20.534477779485137,499.19757909060377,Class 1
10.667717044383684,296.055954200568,Class 1
46.01366175357671,41.22561994516154,Class 1
27.71375484648832,73.61817073337731,Class 1
14.1563228138324,441.40521757574476,Class 1
1.4048170947672467,24.64486631105034,Class 1
35.69535712095805,415.9984421038225,Class 1
15.053796985892726,167.9759993967461,Class 1
35.14436063625016,695.3824189080093,Class 1
16.85206723591053,443.2318017298778,Class 1
31.03146253221862,243.94203364502403,Class 1
45.51372331733714,438.864689075041,Class 1
43.827229501766666,97.1443563818683,Class 1
44.05698958615737,470.35279703148933,Class 1
37.82790109816808,19.523712689269868,Class 1
28.434222149115552,421.45038478880866,Class 1
23.267472832155793,125.98409984505894,Class 1
23.947379242030458,436.698182446111,Class 1
10.572779076315141,720.657583960876,Class 1
27.642051742836536,706.9906875007593,Class 1
49.55381389670863,785.1278738595596,Class 1
4.049545512244496,343.9852038077791,Class 1
36.308643155558855,593.9156732270877,Class 1
44.91429267401376,402.49154627001246,Class 1
36.99546452082325,12.159917264017306,Class 1
43.38363978647587,763.377357993813,Class 1
32.60378905451519,334.2453547531005,Class 1
11.751070948071824,508.6857154936502,Class 1
23.143979338958903,365.930143680346,Class 1
11.417082354015756,335.05047835488904,Class 1
43.676571790718604,94.4613908964298,Class 1
1.942213538440224,165.6967748131547,Class 1
27.2242453431452,150.2340299880557,Class 1
49.004848778614395,22.620883773596923,Class 1
20.555163122948038,545.2022036487459,Class 1
19.001413341061678,741.9495506436008,Class 1
2.3829174280595056,22.916516802896325,Class 1
16.492944787598663,356.3750536879536,Class 1
30.820049905189173,277.03383648221916,Class 1
5.934051175164967,240.34892315722286,Class 1
31.9159909096005,530.8127348716257,Class 1
3.3074620551682865,640.1872368404552,Class 1
49.790298454994044,534.2929081379592,Class 1
10.649882209006195,245.4617696114198,Class 1
46.39888641596194,614.6559043956048,Class 1
42.14360963639248,374.83667766500434,Class 1
11.050672570470955,228.45599463166914,Class 1
45.0067553496013,139.11230384727585,Class 1
0.8697897203683191,687.9331440805377,Class 1
7.70071081328349,788.7299674671538,Class 1
25.50100577433372,769.690077496017,Class 1
8.576240369093375,542.1456404133503,Class 1
44.25872495180988,384.76862580034117,Class 1
36.32836132364234,431.23476950500617,Class 1
3.316787986502745,525.8975819187244,Class 1
17.997989991278274,591.9392441468417,Class 1
36.79460020907242,121.73710385886478,Class 1
46.64052867366298,739.6567248429235,Class 1
12.16619798609775,440.13587678948795,Class 1
19.342658607342134,518.062247601895,Class 1
36.643376264171856,97.10399692335541,Class 1
48.89224225278763,261.6510027216219,Class 1
32.919298906223474,658.1254439964322,Class 1
29.911807993811184,490.9093231026565,Class 1
18.189713223701258,731.9117579456312,Class 1
37.78967488563252,280.6603311157583,Class 1
34.13181602057089,342.9764230203083,Class 1
6.348420069629757,411.969586711975,Class 1
38.60739074277872,720.4916879500323,Class 1
39.579556385705196,131.60833223909617,Class 1
10.911379671069227,507.91407621488645,Class 1
15.178909100204951,780.1866876115525,Class 1
23.597976209484262,585.0905449300833,Class 1
44.58046467380484,526.0626911490616,Class 1
20.367257947519818,714.4906890242792,Class 1
7.1276781259080435,504.24247219295006,Class 1
19.237675408499445,44.3410202063097,Class 1
19.28208408035166,33.388821947456734,Class 1
25.021445302179256,480.0989763989523,Class 1
30.50694215128021,59.530979964116426,Class 1
10.811638548536262,752.1909845498257,Class 1
29.767227152929088,653.2841276588356,Class 1
22.944023003693054,474.28159029835325,Class 1
8.945423117140678,677.5860401065564,Class 1
16.147292598201958,568.0376193278402,Class 1
6.653818326473066,85.64663433036345,Class 1
40.7847167268186,457.81497709078394,Class 1
30.720306879408465,24.741675969727694,Class 1
4.781672054352831,33.547714604723296,Class 1
2.8452941326482684,125.48808885418924,Class 1
31.78965125494766,99.37054559967171,Class 1
27.82200378988125,37.6668859915819,Class 1
40.96295909008531,616.2857154696851,Class 1
23.00775429851507,21.191477549952698,Class 1
16.754751751606022,610.208113445387,Class 1
2.836696092138208,411.11767870991144,Class 1
18.478892733558865,3.236909992789716,Class 1
42.42407463519531,622.1857732984972,Class 1
43.65513240733196,162.99385826389985,Class 1
13.158838585270017,51.19555627321297,Class 1
34.10018340211647,560.4041948100072,Class 1
0.003076327178480609,252.44311127807393,Class 1
34.36930192990356,523.1155275238992,Class 1
24.33033197809642,764.5955957471983,Class 1
19.863424130648337,101.66542963485865,Class 1
49.28008393077453,660.7552757482009,Class 1
43.13776934295258,469.46707483908875,Class 1
24.021162371802397,33.089148369101196,Class 1
39.08206964723617,787.4960047832328,Class 1
43.80302558910862,774.4698216362416,Class 1
7.472545545211906,151.97386460996682,Class 1
29.157748112403482,208.1023379847517,Class 1
41.36511256247642,221.39121172557194,Class 1
5.184796319900087,611.5856677946797,Class 1
36.69667056991502,123.56107709019497,Class 1
5.570085616191179,654.1291388459002,Class 1
36.63563002119574,730.561042929213,Class 1
6.20057389059725,496.087111083192,Class 1
10.450041722123721,790.7140894469749,Class 1
42.6289092407094,133.68488390738102,Class 1
33.149186790053456,402.75493205471224,Class 1
41.57880099144926,252.2689813595905,Class 1
30.548106923038127,707.8289709306231,Class 1
48.28973444939808,35.075165235667605,Class 1
15.927836315198068,770.2649473576537,Class 1
31.888171660702362,490.71582917423655,Class 1
48.289195904762124,733.47947569995,Class 1
21.608258465776174,543.6440030162919,Class 1
38.69319660760375,511.41630947004205,Class 1
25.75914335015257,674.2243503771365,Class 1
25.01252963404154,704.7699346640592,Class 1
1.6282898218284159,224.3754410640995,Class 1
39.952538640158956,410.3418956251075,Class 1
12.828259401593039,388.66047890365707,Class 1
14.462086124846413,507.51093624678737,Class 1
23.910833552002043,424.5528508681103,Class 1
6.3520883960147545,254.09984857185438,Class 1
41.32430977927067,275.404332491526,Class 1
35.70082124618292,313.3935738265625,Class 1
1.67635584520901,639.9394190358296,Class 1
42.51831090809411,677.5028184955527,Class 1
18.287020942866327,382.1785350515615,Class 1
31.1178069049115,282.45066710963806,Class 1
25.852316615134725,585.8083262690877,Class 1
11.971447995692202,412.20503287752246,Class 1
24.693823342978117,15.805860165337826,Class 1
3.1551950463812983,479.262401975181,Class 1
5.726215175628008,462.3598273869714,Class 1
41.232297653572964,124.13505277375796,Class 1
49.208294607471935,282.1945858860722,Class 1
46.11490354678438,202.04787805347007,Class 1
47.05534917553456,717.7350309727827,Class 1
10.879741458328002,401.99043144228665,Class 1
19.456637873189713,664.4256361283517,Class 1
21.290434322714408,274.3974268142602,Class 1
22.50029196126828,465.0416786214702,Class 1
18.81871726979006,362.29455433641095,Class 1
46.71480100142615,366.21215849570456,Class 1
9.685590378910858,502.86628577915417,Class 1
5.46462107274523,93.67574218192507,Class 1
31.657241450571515,300.3867244989375,Class 1
2.9324840747621317,551.2140895463932,Class 1
7.102004739829254,527.3267270986323,Class 1
17.59803724791154,487.9441690555801,Class 1
16.616158265587817,694.5363318378469,Class 1
37.928706975383314,558.3355371584436,Class 1
49.24512073850561,175.07009370061138,Class 1
27.890726019251723,267.8199274904658,Class 1
31.031446418663705,186.30328543639817,Class 1
21.36815557164683,584.690388765786,Class 1
47.899650319305835,68.72328432204569,Class 1
25.788121885977322,737.5602752371782,Class 1
39.51053597512771,799.1067940478181,Class 1
24.117210688732882,524.6778232031058,Class 1
40.12301308211494,502.8190464856269,Class 1
42.61355291832496,749.9472101230109,Class 1
21.321983091113346,281.69421040094835,Class 1
32.887205566515746,383.87419969868495,Class 1
9.677446984362392,723.6097318791375,Class 1
2.273392378649153,338.3822311915248,Class 1
42.528941502127985,465.126653125198,Class 1
28.739067903027593,307.6939108230052,Class 1
24.916054314798775,34.88873264595958,Class 1
38.61446064423072,623.8971799531103,Class 1
45.004819398484955,293.8684720089251,Class 1
37.62169193073703,48.228184825068254,Class 1
10.85980458961186,408.3853419528522,Class 1
38.57651331241777,386.6854977300817,Class 1
18.634864104414277,783.4374062588159,Class 1
40.24623264708694,153.42858995686476,Class 1
28.062866016501136,697.3611620367309,Class 1
40.52644296403838,426.498752084353,Class 1
30.835162705119153,101.60847647721623,Class 1
47.07950939918397,470.6809109321126,Class 1
44.882432002385904,234.2927618672081,Class 1
4.347857533839799,297.8222734589436,Class 1
39.93274270696606,757.8437597761597,Class 1
28.323746758414504,114.10916909536422,Class 1
28.874995716363838,271.60074295909436,Class 1
39.70930613759022,238.74582137671777,Class 1
20.477109633770006,568.2410312331551,Class 1
9.624904909155852,320.5082609543137,Class 1
48.24702388067809,540.1866338917868,Class 1
15.195533839148284,484.3295188492063,Class 1
40.48662583805774,612.2899434931932,Class 1
35.51127501940135,614.6284225171323,Class 1
43.841787442653825,547.9113137730193,Class 1
26.287403855151776,480.20718626655156,Class 1
49.754800367472825,470.2992421247384,Class 1
19.037323795824832,111.8596462709383,Class 1
21.094533556293012,22.61155654997502,Class 1
38.91736464129363,574.3658278243623,Class 1
18.0337107022587,8.430142337440572,Class 1
33.09909556224094,635.4613820881742,Class 1
17.58366351265193,274.27620386149965,Class 1
18.343253845420914,412.47781524734927,Class 1
25.852433829392112,710.7640877580831,Class 1
26.506470827802957,122.14583928132355,Class 1
28.363206985096557,161.81137421944038,Class 1
43.89399995248785,601.0075585438576,Class 1
32.942824726185584,581.0964994898336,Class 1
27.55639499644259,171.29471449554973,Class 1
1.5169921061601588,519.479036020073,Class 1
5.57533420593736,764.0974695315275,Class 1
20.341927450544144,188.2759208213229,Class 1
38.884433561509006,229.70299565274902,Class 1
28.800581082396654,204.10039050515846,Class 1
15.88367647628292,99.29736728883114,Class 1
43.00211312557599,536.8204380149037,Class 1
44.62394266744624,452.5502770189446,Class 1
11.146039352971659,354.3930951198707,Class 1
3.4549315649367642,112.10109664696341,Class 1
4.164479519228609,259.81288887262457,Class 1
44.15433466490287,515.7045453842783,Class 1
19.95562289290759,481.79622902609617,Class 1
19.647694611007616,195.25353550571413,Class 1
27.15684728285595,257.43491971132653,Class 1
4.555415583401029,506.7449921575515,Class 1
26.592216987211142,176.16565608534876,Class 1
22.9242522546153,406.908310209865,Class 1
11.303102593881475,58.74721164106788,Class 2
10.208846871580175,233.0655249614827,Class 2
7.239710416945989,181.30948332688448,Class 2
0.7661031455512324,609.5087164908044,Class 2
17.863171141889836,27.499444374530885,Class 2
3.9720011696477044,449.92793710369614,Class 2
22.087246336423597,198.20901916464703,Class 2
24.24141188005369,425.5926033144781,Class 2
8.976051380547174,217.20044038745976,Class 2
10.885457303056633,209.4335404977827,Class 2
28.861263420050406,642.1383674046899,Class 2
21.327873847587206,206.6796387198012,Class 2
12.196289809224881,152.81498862546306,Class 2
12.749858120085888,135.53722660661487,Class 2
10.160717011339388,244.18477104763713,Class 2
21.509126483377166,259.31926902099127,Class 2
1.5490870722657435,606.9779043862445,Class 2
21.622774850260413,263.39865113731605,Class 2
2.69526166644713,477.77913267130396,Class 2
14.347060346130208,43.390755061406516,Class 2
11.676071739893846,195.93869826953232,Class 2
22.955518936035123,278.64091468264724,Class 2
6.999531591125004,216.23796117642104,Class 2
2.5792656931882565,614.6801338657607,Class 2
23.125108255984948,322.0978902288193,Class 2
23.572624658006582,399.83855422523914,Class 2
3.952439083178434,381.4672676009309,Class 2
24.259528557448647,329.71071184272955,Class 2
23.259487105185904,210.9916985702862,Class 2
11.684142108136461,156.93274362040387,Class 2
29.30556413114103,658.0706554616175,Class 2
22.885473425566996,275.7812917489852,Class 2
12.98621050495555,99.01163606482854,Class 2
0.6733405055770303,763.7177759077863,Class 2
14.342667507070514,22.95779348508859,Class 2
19.62342563525202,222.05064082638637,Class 2
22.315600948375078,238.4466931936806,Class 2
17.396399139311832,124.29913899573745,Class 2
27.529032206952735,618.355053428208,Class 2
0.24705349424737455,671.9411475703185,Class 2
10.39895133116326,227.4122627714071,Class 2
4.0873955485885825,530.5806074524451,Class 2
3.0778952934014625,561.8401109058391,Class 2
17.0399190893161,142.04994122007483,Class 2
14.988876446893382,20.213590936854644,Class 2
5.2630163969869015,346.821355700593,Class 2
24.559809685202175,346.91715933899576,Class 2
21.546333155930007,280.0615730016925,Class 2
21.479190680317725,152.17473677631614,Class 2
4.879676417202289,405.4776025768414,Class 2
18.30704412223899,134.8311972060989,Class 2
6.401063106114815,333.7264201013086,Class 2
21.29632598693424,283.02864612858224,Class 2
7.939972126576002,311.6966142250399,Class 2
2.2731427762919223,595.780772916044,Class 2
0.4858609558452365,669.0728974805282,Class 2
7.418520908331882,255.13030733751208,Class 2
2.170689200080057,673.2505239085551,Class 2
13.485937828601754,50.80355284488607,Class 2
26.836523573752512,567.5657139551749,Class 2
10.703841699178602,77.72164357718103,Class 2
17.532023830316184,43.104923094325486,Class 2
12.910556207042884,118.22504906867685,Class 2
29.744636417786378,660.8660147346104,Class 2
29.310551249650807,790.022809780643,Class 2
2.1174823557571596,575.6042905627689,Class 2
24.049050937959013,254.70043515542255,Class 2
24.7396318003853,356.6879996328775,Class 2
23.904336710864936,348.1045246802787,Class 2
21.92864781595995,189.55539679205975,Class 2
4.574782147744894,476.27728026884927,Class 2
5.16089139532169,351.1530633768272,Class 2
4.230849361402988,477.1980012546827,Class 2
24.609273564265003,414.0723519036686,Class 2
17.718269282045853,76.56717126613096,Class 2
8.05193018829604,233.76778943015665,Class 2
17.316095728854382,69.2206625456305,Class 2
11.699691990086649,199.85630173514133,Class 2
13.887361954069043,86.12263072532707,Class 2
7.541496348967419,222.21045048739404,Class 2
29.624112375539212,774.4110695176469,Class 2
14.435023533349375,41.5342223093336,Class 2
21.633325510336928,299.4715826154844,Class 2
13.920565955874725,134.23874328176413,Class 2
4.24181514075229,376.02182693218157,Class 2
0.1260683880850677,791.1018231269734,Class 2
13.272543185969587,63.68891841677141,Class 2
3.6295767121937637,489.3103276149501,Class 2
24.631120354711644,381.5194054770866,Class 2
8.777837316845226,164.30347427603323,Class 2
2.2855594047305896,534.2791477605006,Class 2
5.260828057758892,335.97305558923176,Class 2
14.183551059336619,48.59428295230473,Class 2
1.7033952132536656,623.7711822359163,Class 2
6.533046247309954,281.80419394900133,Class 2
14.803350134785843,164.99297522756015,Class 2
16.020511872052353,87.45116611447605,Class 2
19.910631415525295,142.23890443221734,Class 2
12.595323285737448,132.41472056699368,Class 2
7.864486863387575,315.36834183490345,Class 2
28.884601286613666,594.4532361476402,Class 2
18.161052027089948,54.831340361139844,Class 2
21.517340788154836,277.82271608014435,Class 2
14.971891982546618,139.0632379705294,Class 2
6.57315309920807,298.8895039664113,Class 2
3.8507644602583344,533.8354505204763,Class 2
16.39963447416502,125.25055337987251,Class 2
0.33435721305145827,688.2304297809094,Class 2
22.31222962122185,329.5723385131464,Class 2
21.6710971287995,289.48218237011577,Class 2
11.619569323679968,176.33807024700567,Class 2
19.262326105609624,137.7613434580201,Class 2
1.2892949044630475,607.5366350387358,Class 2
7.691795684501229,292.3425891905333,Class 2
5.428708399384018,332.6759845224329,Class 2
18.57521359941557,113.64352141385272,Class 2
9.798519416772876,220.01251746313665,Class 2
4.812280305267141,480.4983660209349,Class 2
8.495988280513233,295.20031855027673,Class 2
0.7638654265643974,652.7609543213636,Class 2
9.837813393601916,132.63275221742873,Class 2
0.7149127547979051,626.5652361934943,Class 2
13.551488335671307,156.24449531586095,Class 2
19.011698222162522,195.7992664208437,Class 2
14.308143487442997,164.1821334532692,Class 2
26.48273651974787,485.6224468178034,Class 2
26.81209702037055,455.0129831234849,Class 2
23.66482205783967,244.7255927542044,Class 2
29.29447042478541,747.2158850230066,Class 2
21.481550965674117,126.35350888610515,Class 2
10.303197660805921,93.75056585946214,Class 2
27.29596886882096,613.532526301588,Class 2
13.245364584010481,108.14612501381353,Class 2
13.356493578500698,15.594783550766508,Class 2
15.524164141179874,75.52794172319518,Class 2
18.31696676420944,46.10442821426687,Class 2
1.8460701104399801,519.9169982597754,Class 2
19.778488991999755,205.5898366329751,Class 2
29.50994353156366,682.6639337341558,Class 2
1.2593155481040808,631.2015695286267,Class 2
25.25941841746723,436.4886377787538,Class 2
3.238293326298367,429.9415688978604,Class 2
8.372324876248037,255.59832875732548,Class 2
11.645951896893928,51.61398849834385,Class 2
25.228202912980116,470.2398943928358,Class 2
10.733942549163082,229.5378340936385,Class 2
21.907109796796675,274.58714479153826,Class 2
1.2733714668083396,574.4512708226498,Class 2
4.792310510269909,408.84701448610156,Class 2
6.277496222544467,363.3953060565622,Class 2
28.675239097637785,564.9631292124477,Class 2
29.230162195168628,714.2435720808751,Class 2
11.601580165564684,87.91164924890197,Class 2
28.76161762196959,575.8366066321285,Class 2
18.923162326518856,216.48634640707735,Class 2
7.600992446852861,308.4418776172506,Class 2
19.586865619773633,168.85552637070163,Class 2
6.108862093523868,328.03329525400216,Class 2
21.93449796602292,210.307587728507,Class 2
1.357684110431957,558.8840436278779,Class 2
13.80379786615956,53.163982706774874,Class 2
8.85852688305253,120.72771872358089,Class 2
14.147366437152149,31.14349826262931,Class 2
14.018277283751882,90.38045040781549,Class 2
29.298959528038985,704.5391158960285,Class 2
29.71220935170507,672.0285196701178,Class 2
7.674626241844692,238.7076035701984,Class 2
15.582416774840421,165.70876528991872,Class 2
14.04464663601797,20.483263765947495,Class 2
13.822634515279901,140.24757377107542,Class 2
29.89279171973135,742.1439848357679,Class 2
17.23007234313404,190.69649224505798,Class 2
23.031176198732926,301.2600721333978,Class 2
13.308960567878138,106.00230022835322,Class 2
13.654456647322494,50.25873775746832,Class 2
22.250226538749466,301.3065363919877,Class 2
18.700763728613133,184.24405082059934,Class 2
22.637117599620556,231.96031512212795,Class 2
20.287889182724264,98.8036316415195,Class 2
17.2514204331,129.2432823166566,Class 2
24.642140781036897,310.6813699869997,Class 2
6.487240506899621,375.9020800379564,Class 2
0.7127164004790376,696.328042556793,Class 2
24.438636540317134,379.1572646760214,Class 2
16.61755292392107,167.21685633472003,Class 2
27.244683079726578,607.3369700489143,Class 2
20.853121416239954,229.36690123455486,Class 2
14.989996695856302,109.65928623334095,Class 2
18.607897023891745,133.5126139615624,Class 2
29.85032046433038,698.9746882881605,Class 2
3.8475201923761104,381.11051364195646,Class 2
9.895396434058203,165.27131337090805,Class 2
19.032425315345286,203.0730436329282,Class 2
20.140887965674604,123.57273401023727,Class 2
10.276132937912655,129.94227842643363,Class 2
3.511809385419893,468.991073371479,Class 2
9.296244283202025,238.289535419426,Class 2
1.3255975600406,580.12794871033,Class 2
21.650079865667394,250.1369443521836,Class 2
14.124753752100828,46.87051077753286,Class 2
27.851939633600008,622.2020101305254,Class 2
15.040557999833412,153.63656895680563,Class 2
0.437105032643581,675.4134441923624,Class 2
5.91795423388131,348.15719584155613,Class 2
14.305011480658534,51.82199613977101,Class 2
12.4542770291372,113.6307750080236,Class 2
20.515822875477955,268.18696619004237,Class 2
28.1986428074899,692.2620435334572,Class 2
8.925028087761433,269.8176745290316,Class 2
26.75542154381607,443.85248963230543,Class 2
22.557235118304185,348.39164055669534,Class 2
24.15989994348787,278.40097202421157,Class 2
0.745703761481965,654.1484013069346,Class 2
7.5527786755622675,198.32905123682036,Class 2
4.912654007351813,471.9115045539627,Class 2
25.867731825842665,370.8111905256077,Class 2
4.3734392766758425,354.1297842532844,Class 2
27.00569679213477,522.3458047980533,Class 2
22.709717031635638,278.7402090578786,Class 2
12.405789286551872,166.5165133012537,Class 2
9.021384860396125,286.4493426223984,Class 2
9.88621415931795,204.71025769498425,Class 2
3.4527870092980937,577.6548089794835,Class 2
10.202099687069309,106.84518016633086,Class 2
7.664413746755968,257.43310683528256,Class 2
18.228067296463003,39.28766254250172,Class 2
10.288304609479253,112.59099378265482,Class 2
10.495977787053057,159.31968060287306,Class 2
12.960166576810483,82.18083215258177,Class 2
23.852699523945084,304.5817941348862,Class 2
10.300052557692803,209.53015348480693,Class 2
2.62302731202399,463.08338646315246,Class 2
20.31182104160757,90.61220922193645,Class 2
7.660046089613282,279.01517829861075,Class 2
22.162824340442423,325.2832418090538,Class 2
15.362653328718551,107.68295821832375,Class 2
2.486566938392701,637.176809169913,Class 2
25.03532592374424,436.5768761041691,Class 2
9.533124587341389,261.84324844623154,Class 2
16.304542617048273,117.83705393176457,Class 2
21.108397671311874,135.88121907305327,Class 2
4.776508902346624,414.3442401546986,Class 2
18.70596649867175,200.67206107480382,Class 2
29.244951556512486,661.3917878845648,Class 2
28.779740697530606,663.2871727873485,Class 2
13.798135091111604,68.25537293188269,Class 2
19.596894580426095,241.535775675852,Class 2
12.632475872331904,173.23966344044,Class 2
7.292772886758064,348.83674366729633,Class 2
24.039315214769076,362.1431705702279,Class 2
17.185646284521003,158.95590540517753,Class 2
16.609351368027944,136.71862601840624,Class 2
14.681192797046107,71.36178038485201,Class 2
28.400250180989406,705.6566435385946,Class 2
28.872193251826005,636.1166967967024,Class 2
21.277808941726445,149.40732549983358,Class 2
22.442536222903808,242.80702593577894,Class 2
1.1920305649308882,604.4304179076355,Class 2
17.248669823097366,164.10902740524898,Class 2
8.329532358682961,241.53419072150731,Class 2
9.211276425496187,141.42171972257245,Class 2
20.313171726058368,228.30533799798872,Class 2
22.156233873588125,220.47547444638656,Class 2
19.55787245921656,62.8779156706759,Class 2
29.519595295484283,667.331000559313,Class 2
22.55095129144299,255.13942247737847,Class 2
22.685289244343366,326.8066876169241,Class 2
20.15592378798491,175.92808890352444,Class 2
18.547504630649676,74.39935405562105,Class 2
16.549756316301885,20.321759540927978,Class 2
0.43905213517050234,674.4834947441142,Class 2
2.9142949710922705,475.94790202167235,Class 2
4.849800277987557,475.7068544450219,Class 2
29.735329055420703,669.0472912816682,Class 2
29.578853375913152,724.3601293295671,Class 2
29.396813569800894,683.4873824045824,Class 2
19.086545567864178,75.65207256952279,Class 2
26.30033633441026,544.5781416858707,Class 2
18.13079425796502,35.94206665618138,Class 2
19.740310128300518,106.30243567737976,Class 2
27.945049986790057,640.3241088831107,Class 2
10.673313318908939,215.55230199264025,Class 2
22.744555661468947,186.79226397299678,Class 2
1.761497753224197,556.3747305255646,Class 2
22.86353605824919,321.9114870974231,Class 2
8.301726543061532,278.9461080930274,Class 2
3.6107251554572803,428.133297348798,Class 2
11.371991001897653,134.52153865103998,Class 2
2.4946147871614444,524.6416180444431,Class 2
20.31788238086149,227.8372303287177,Class 2
20.43539324591781,104.38163377939546,Class 2
14.280792956072537,149.3372880366836,Class 2
10.40706522443039,113.41932855819125,Class 2
1.1786863937985592,605.6768981014352,Class 2
23.101623204239004,220.23064119785303,Class 2
24.385447544800126,347.7030088516068,Class 2
2.7021915152439826,459.91685400568,Class 2
8.440809344340712,279.66313504595644,Class 2
5.435352181951739,318.2118170512992,Class 2
10.699904604807505,76.94258767659272,Class 2
26.104273144700688,487.17457298525466,Class 2
17.003679449561584,61.44540481137082,Class 2
2.4740235471904084,571.2514508829147,Class 2
17.80247002412019,124.77513606743551,Class 2
23.896019687696402,334.94418538269554,Class 2
10.214444156587529,134.4871004381315,Class 2
18.44836642033893,203.87299429510722,Class 2
12.242188968663525,161.36910235653542,Class 2
14.791779330379697,56.024484484803985,Class 2
15.16918132250268,11.777259593424732,Class 2
6.2042778683475674,308.76233669332197,Class 2
11.523206454477457,57.16776791405039,Class 2
20.07174610058992,228.4865162769811,Class 2
24.703955301774062,383.94922452498093,Class 2
18.734276993545354,199.60488924659285,Class 2
25.71043846225921,444.1283741768966,Class 2
6.416600257856846,226.89102223381127,Class 2
11.787745154188254,120.88714504821618,Class 2
29.26565787115925,621.6954681632526,Class 2
0.962499985088372,676.9800870087399,Class 2
23.349913129946938,361.2221743385575,Class 2
20.910080720334353,220.66942976747902,Class 2
14.940862744112595,80.47737743256938,Class 2
8.625239106854398,141.34036340196462,Class 2
4.6929417482933715,359.7818401932851,Class 2
13.50987148318879,131.49559428704873,Class 2
5.783548695428226,322.0203747998414,Class 2
3.181171652232874,521.9135013448782,Class 2
20.460802148031284,95.0710952221535,Class 2
15.870802873152295,134.36710932344494,Class 2
11.986811561187718,74.4418307673102,Class 2
1.4750550731574186,564.5609596523782,Class 2
26.281835444972284,468.6287634504688,Class 2
20.52587024898345,244.24751738524037,Class 2
0.3213678542802878,822.0456657095158,Class 2
6.315736423608715,311.16800525941323,Class 2
27.0802736441164,586.8255097556113,Class 2
2.5726756073539114,641.4734618707023,Class 2
10.937355974293423,199.38572398035512,Class 2
16.100435561672874,41.258688075268225,Class 2
10.251816683280015,89.80238859995211,Class 2
4.759255344448517,334.61698249498966,Class 2
5.04229922917798,363.62146035350565,Class 2
17.43192996789016,45.82422622949747,Class 2
18.601293458369895,151.2056098280458,Class 2
6.818784241581267,278.50984236789793,Class 2
7.6212644970312935,283.48842922674794,Class 2
6.165617629764183,371.4954872121344,Class 2
1.6169902139663384,594.4235601419977,Class 2
3.785888955946893,474.1268432868351,Class 2
14.07897245109072,73.92991499480571,Class 2
25.537119459986403,383.57677728323057,Class 2
27.89153282616964,640.7052805880946,Class 2
21.65248187476068,222.1787989440874,Class 2
14.897000257385288,77.61209995653392,Class 2
0.967236627778365,596.1928725972473,Class 2
13.61333064852593,178.00441032795024,Class 2
2.6691192102979655,556.6661463754999,Class 2
29.748330037386662,784.636946299394,Class 2
2.808618592926093,608.8016737239124,Class 2
0.6222411460466659,769.8692582263799,Class 2
14.874940009513079,80.442864100311,Class 2
0.19842798731774414,711.5832775650019,Class 2
23.266443410707822,239.48165577640017,Class 2
1.686667338188227,666.5529393850131,Class 2
2.2404669365275263,663.7878635302238,Class 2
25.90844636994895,470.44204401640553,Class 2
29.83791434454679,749.5797609357262,Class 2
11.627808552382113,140.5475721682478,Class 2
13.974925125180855,95.72096005035583,Class 2
18.066553351712315,66.62680516943074,Class 2
0.27994660809462224,671.278760418481,Class 2
3.1805383179706856,458.79219641578567,Class 2
5.5925834365698135,291.32797909601777,Class 2
4.125612001941623,441.6514292265155,Class 2
3.3335513905629375,467.3782107281911,Class 2
18.678109916749676,119.833025238595,Class 2
18.738549002119804,167.6593869998258,Class 2
28.543839201504845,726.4072714272074,Class 2
13.793508811377183,12.856594407059987,Class 2
12.538337492712948,83.64018395479789,Class 2
18.072659485318578,112.09166243408059,Class 2
10.824331196612482,108.18969639230143,Class 2
28.655735093894812,686.6402500622007,Class 2
23.621521253888393,331.3370569006276,Class 2
27.722126825488107,641.6652212396418,Class 2
22.54631090334159,310.529602528611,Class 2
1.182467178462988,750.6378936363928,Class 2
15.530955104973405,125.44960447820607,Class 2
0.7094409808843039,694.0442779971179,Class 2
12.072384210008908,142.2565148712559,Class 2
24.145855531500406,423.44661047538034,Class 2
13.472706414567197,171.99223961458753,Class 2
20.08584094889064,106.83676813373208,Class 2
1.4677071685899412,582.1004369521265,Class 2
4.202480850307322,521.7171496351419,Class 2
24.808111535937776,380.0690331421083,Class 2
25.994695994964495,435.45144294049277,Class 2
18.73110663121328,94.98823510816516,Class 2
28.163320486611195,683.4169494590328,Class 2
11.118675897305495,155.2442609250159,Class 2
24.3518493952682,330.0308104486498,Class 2
9.274072806782844,183.23197028024222,Class 2
21.350837875230116,210.63589899247884,Class 2
17.2205523971634,113.97151632106781,Class 2
13.821500337603016,4.489805862010913,Class 2
23.55587529361886,354.55872487466723,Class 2
18.887002502026206,118.1295440313759,Class 2
29.526613955987983,644.3818354105626,Class 2
18.671868394648904,174.70729114276668,Class 2
20.611948879830955,194.52088967691577,Class 2
26.01000698166042,478.1153812062046,Class 2
29.9130028760931,677.5337824216058,Class 2
26.464723237947176,533.8445754206605,Class 2
12.077342873058214,204.65789778974874,Class 2
1.5069563475556413,563.2946295449395,Class 2
11.429781072124875,58.00507109938867,Class 2
14.4246573372469,56.3323078303237,Class 2
7.620028171913349,305.4580860218073,Class 2
5.551093604793794,333.35419831782224,Class 2
23.99858752605027,316.1886617306196,Class 2
21.412402579705454,260.74805035742537,Class 2
3.410742092577382,549.0575219019174,Class 2
7.908410430810779,272.0334262297221,Class 2
4.142121167424561,406.09007446108717,Class 2
18.697611949535297,210.49387480378186,Class 2
11.715278635868295,136.74051928371256,Class 2
29.14056290243729,726.514260002976,Class 2
11.547782198996547,118.42847246919503,Class 2
11.556298870527796,194.31826465251135,Class 2
7.099988690864945,269.060518422203,Class 2
0.13311598740524233,668.3003147288363,Class 2
4.679807273420769,360.24664677592034,Class 2
16.384154549495296,53.701868455915495,Class 2
16.656931766415656,67.02687744714511,Class 2
24.14061668868306,341.3182897057272,Class 2
3.0795308956441936,477.56006146192993,Class 2
5.03418581427198,468.8146808901871,Class 2
1.300220481564629,686.9116199855796,Class 2
3.3526185002231346,569.7799715649127,Class 2
16.800745633041522,81.77177807354138,Class 2
13.254198909826169,58.912749714627495,Class 2
29.418098317548417,715.4964716430924,Class 2
20.306462720839587,196.60893765030102,Class 2
26.961960243126725,530.4521212677331,Class 2
28.3761136262336,545.5641055102576,Class 2
16.96757039269858,12.217860798134872,Class 2
14.751334996476652,60.15090589725326,Class 2
13.857255292630485,48.170465178641585,Class 2
21.058495117079037,268.41482086113166,Class 2
20.805517630143907,273.7628980176115,Class 2
3.447421825019914,476.2499082868943,Class 2
16.02142370699635,158.66767857742158,Class 2
29.168484514100133,717.8680211367648,Class 2
20.07053906110513,94.99554191338592,Class 2
15.66968365878973,71.33062445086212,Class 2
16.24066624360801,69.98963904054543,Class 2
28.53180597701001,570.3229941902331,Class 2
17.01707133912578,117.85656077557425,Class 2
4.087007846422008,484.7961258612241,Class 2
22.400683256999308,296.86788563081495,Class 2
13.799271271251637,104.7123983523164,Class 2
5.601754645101378,440.5377603399327,Class 2
15.00241721308176,168.92785841648308,Class 2
21.28605088253608,129.18582629398978,Class 2
28.57638977379923,593.8202601667169,Class 2
25.46386614692529,449.7392490728307,Class 2
0.5882984694457338,774.6597217771132,Class 2
16.900449383514534,110.9391356009887,Class 2
23.149238920065585,253.81731906577807,Class 2
6.991813744072592,274.81218783840205,Class 2
15.15965821621011,80.19864924340098,Class 2
13.979573704434321,178.22066962786846,Class 2
12.51476683329394,41.87665202446903,Class 2
24.348843382465148,428.5613957752249,Class 2
14.237484552155571,47.516212808918276,Class 2
7.195604246807567,294.13321165565753,Class 2
15.470037143427026,172.75333615701226,Class 2
27.752175321353253,525.8961312042345,Class 2
24.362978930786927,439.7884973279947,Class 2
23.574868197581793,322.1910569232988,Class 2
18.29913085585695,95.40278549924997,Class 2
26.121090469531357,439.10194450823406,Class 2
28.46324998671803,672.730620687154,Class 2
26.84829434880385,559.6620740028238,Class 2
27.150821900688328,598.8938419973739,Class 2
27.757641363421474,501.8143102401399,Class 2
18.09630378065337,192.28091579375362,Class 2
0.6474548479872133,761.7166975499447,Class 2
20.387986726325472,152.31882513429323,Class 2
5.9037152356541425,370.69938405960636,Class 2
11.516109481104802,87.11145759352252,Class 2
15.612932814178325,113.36818230003792,Class 2
3.158375655083525,549.1196375248247,Class 2
16.876700635105756,190.397885122361,Class 2
17.809053091254867,180.3511103408895,Class 2
2.716617596694,604.9025485140262,Class 2
26.326185579729014,465.96447408566735,Class 2
4.6030685375235425,391.72123865392814,Class 2
23.24753096647394,277.8807651186779,Class 2
23.424578161599523,218.72511219889134,Class 2
17.798528463800636,94.17691338687155,Class 2
6.164198539971234,336.1775753737908,Class 2
26.264330185177613,391.8249942254941,Class 2
1.3461218863064761,686.922272686721,Class 2
6.281876257090419,318.27123144158884,Class 2
